test_loss,test_acc,epoch,step
0.7006769180297852,0.5171030163764954,0,0
