test_loss,test_acc,epoch,step
0.6800748705863953,0.6051520109176636,0,0
