test_loss,test_acc,epoch,step
0.7156054377555847,0.4909206032752991,0,0
