test_loss,test_acc,epoch,step
0.6952295899391174,0.48268580436706543,0,0
