test_loss,test_acc,epoch,step
0.7799806594848633,0.3163006901741028,0,0
