test_loss,test_acc,epoch,step
0.7337988615036011,0.3866131901741028,0,0
