test_loss,test_acc,epoch,step
0.7222986221313477,0.42229729890823364,0,0
